{
    "help": " - shows this help message",
    "refresh": " - refresh balance",
    "send": " - send funds",
    "changepass": " - changes account password",
    "exit": " - exit Duino-Coin wallet",
    "about": " - displays about message",
    "donate": " - donate to developpers/maintainers of the program",
    "logout": " - logs off the user\n",
    "wrapper_commands": {
        "wsend": " - sends wDUCO via tron - you should have some TRX or tron energy for txn fees",
        "wrapperconf": " - set wrapper config",
        "wrap": " - wrap DUCO on tron",
        "unwrap": " - unwrap wDUCO - you should have some TRX or tron energy for txn fees",
        "cancelunwrap": " - sends back pending unwrap values to wallet - you should have some trx or tron energy for txn fees",
        "finishunwraps": " - completes pending unwraps",
        "exportwrapkey": " - exports wrapper private key"
    }
}